iteration,timestamp,prompt,entropy,rouge,quality,latency,memory_count,response_preview
1,1761232081,"Implement a balanced binary tree in Rust that handles 1M nodes efficiently",1.945904560922925,0.7499999995,6,30001.044172,45,"  Hybrid: Lens response unavailable (timeout)"
2,1761232120,"Create a distributed consensus algorithm using Raft protocol",1.945905147290552,0.7499999995,6,30001.935665,47,"  Hybrid: Lens response unavailable (timeout)"
3,1761232158,"Build a lock-free concurrent hash map with memory ordering",1.94590394116001,0.7499999995,0,30000.677727,48,"  Hybrid: Lens response unavailable (timeout)"
4,1761232196,"Design a neural network from scratch in Rust with backpropagation",1.9458978607285318,0.7499999995,1,30001.232682,50,"  Hybrid: Lens response unavailable (timeout)"
5,1761232235,"Implement a JIT compiler for a simple language",1.9458963597049073,0.7499999995,6,30001.156047999997,52,"  Hybrid: Lens response unavailable (timeout)"
6,1761232273,"Create a real-time ray tracer with global illumination",1.9458988459315947,0.7499999995,9,30000.762494,54,"  Hybrid: Lens response unavailable (timeout)"
7,1761232309,"Build a database storage engine with B+ trees and WAL",1.945901232301813,0.0,0,27573.270748,56,""
8,1761232345,"Implement TCP from scratch over raw sockets",1.945900092638904,0.24702460407790194,0,27993.508339,57,""
9,1761232384,"Create a garbage collector with generational collection",1.9459006302850985,0.7499999995,7,30001.291099,59,"  Hybrid: Lens response unavailable (timeout)"
10,1761232422,"Implement a balanced binary tree in Rust that handles 1M nodes efficiently",1.945904560922925,0.7499999995,4,30001.206447,61,"  Hybrid: Lens response unavailable (timeout)"
11,1761232460,"Build a type inference system for a functional language",1.9459044923240498,0.7499999995,0,30001.022087999998,63,"  Hybrid: Lens response unavailable (timeout)"
12,1761232499,"Implement a balanced binary tree in Rust that handles 1M nodes efficiently",1.945904560922925,0.7499999995,9,30000.37012,65,"  Hybrid: Lens response unavailable (timeout)"
